body_part,sub_category,symptom_description,twi_translation
Eyes,Pain & Pressure,"It feels like there is dirt or sharp sand trapped inside my eye.","∆ête s…õ nea anumtam anaa anhwea ano yaw bi hy…õ m'ani mu."
Eyes,Pain & Pressure,"My eye is throbbing with a very heavy, internal ache.","M'ani rehunu, na …õy…õ me yaw k…õse w…î m'ani mu."
Eyes,Pain & Pressure,"I am feeling a sharp, piercing pain deep behind my eyeball.","Mete …îyaw a ano y…õ d…õn a …õw…î m'aniwa akyi p…õ…õ."
Eyes,Pain & Pressure,"It feels as though my eye is being tightly squeezed from within.","∆ête s…õ nea w…îrekyim m'ani denneennen firi mu."
Eyes,Pain & Pressure,"There is a constant, heavy pressure sitting right behind my eyes.","Mete nhy…õso…î k…õse a …õda h…î daa w…î m'ani akyi."
Eyes,Pain & Pressure,"My eye hurts so severely it feels like it wants to force its way out.","M'ani y…õ me yaw k…õse araa ma …õte s…õ nea …õp…õ s…õ …õpue."
Eyes,Vision Changes,"My sight keeps becoming blurry, as if I am looking through thick smoke or fog.","M'ani so ay…õ me kusuu, s…õ nea merehw…õ wusiw anaa obosom mu."
Eyes,Vision Changes,"I am seeing strange flashing lights and moving lines before my eyes.","Mihu nkanea a …õretwa …õne nsensanee a …õrekeka w…î m'ani so."
Eyes,Vision Changes,"A dark shadow or curtain seems to be falling across my line of sight.","Sunsuma bi anaa ntama bi reba ab…î m'ani so w…î baabi a mehw…õ."
Eyes,Vision Changes,"My vision is split; I am seeing everything double.","M'ani so ay…õ mpaapaemu; mehu ade nyinaa mm…îho mmienu."
Eyes,Vision Changes,"There are tiny dark spots drifting across my eyes like small insects.","Nketenkete nk…îm…î bi rekeka w…î m'ani so s…õ mmoawa nketewa."
Eyes,Vision Changes,"I have a dark or blurred patch right in the center of my vision.","Mew…î sunsuma bi anaa baabi a ay…õ kusuu w…î m'ani so mfimfini p…õ…õ."
Eyes,Redness & Irritation,"My eye is completely bloodshot and looks very frightening.","M'ani ay…õ meme k…îk…î…î, na ay…õ hu k…õse."
Eyes,Redness & Irritation,"My eyes are burning with heat and watering non-stop.","M'ani rehyehye me, na …õreyi nsuo a …õrennyae."
Eyes,Redness & Irritation,"My eyelids are so heavily swollen that I can barely open them.","M'ani nkwaa ahono k…õse araa ma mintumi mmuebue m'ani yiye."
Eyes,Redness & Irritation,"A sticky discharge is sealing my eyelids together when I wake up.","Nsuo a …õy…õ mm…îbor…îsane rekyekyere m'ani nkwaa mu s…õ menyane a."
Eyes,Redness & Irritation,"My eye is itching me so intensely that I cannot stop rubbing it.","M'ani rey…õ me titiri araa ma mintumi nnyae s…õ meretwitwa."
Eyes,Light & Sensitivity,"Bright light pierces through my eyes like a sharp object.","Hann a ano y…õ den hy…õ m'ani mu s…õ biribi a ano y…õ d…õn."
Eyes,Light & Sensitivity,"Even ordinary room light makes my eyes ache and tear up.","Mpo dan mu hann a …õy…õ d…õ ma m'ani y…õ me yaw na …õma nsuo tu."
Eyes,Light & Sensitivity,"I am forced to squint constantly because the light is too bright for me.","∆êy…õ me f…õ s…õ meboaboa m'ani so daa efiri s…õ hann no y…õ den dodo ma me."
Ears,Pain & Pressure,"There is a deep, heavy throbbing pain inside my ear.","Mew…î …îyaw a emu y…õ duru na …õrehunu w…î m'aso mu."
Ears,Pain & Pressure,"It feels like a sharp object is piercing deep into my ear canal.","∆ête s…õ nea biribi a ano y…õ d…õn rehy…õ m'aso kwan mu p…õ…õ."
Ears,Pain & Pressure,"My ear feels completely blocked and filled with heavy pressure.","M'aso y…õ me s…õ nea asi koraa na ahy…õhy…õ mu ma."
Ears,Pain & Pressure,"It feels as though my ear is stuffed tightly with cotton.","∆ête s…õ nea w…îde asaawa ahy…õ m'aso mu denneennen."
Ears,Pain & Pressure,"I am feeling a continuous burning heat inside my ear.","Mete …îhyew a …õtoa so w…î m'aso mu."
Ears,Pain & Pressure,"The ear pain is so severe that it has spread into my jaw.","M'aso yaw no ano y…õ den araa ma akodu m'ab…îne mu."
Ears,Hearing Changes,"There is a loud, continuous ringing sound in my ear that never stops.","Nnyigyei k…õse bi rey…õ w…î m'aso mu a …õrennyae da."
Ears,Hearing Changes,"I keep hearing a persistent buzzing or humming sound in my ears.","Mete nnyigyei bi a …õtoa so s…õ b…îs…î…î anaa b…îs…î…î w…î m'aso mu."
Ears,Hearing Changes,"Sounds are heavily muffled, as if my ears are blocked under water.","Nnyigyei no ay…õ kusuu, s…õ nea m'aso asi w…î nsuo mu."
Ears,Hearing Changes,"My hearing in one ear suddenly became very dull.","M'aso baako aso tee pr…õko p…õ a …õy…õ den."
Ears,Hearing Changes,"I can hear a heavy thumping sound in my ear that beats along with my heart.","Mete nnyigyei duruduru bi w…î m'aso mu a …õne m'akoma b…î mu."
Ears,Discharge & Sensation,"I feel a wet, watery fluid draining from deep inside my ear.","Mete nsuo a …õf…îm s…õ nsuo s…õ …õrefiri m'aso mu p…õ…õ."
Ears,Discharge & Sensation,"I can feel fluid moving inside my ear whenever I tilt my head.","S…õ misi m'ani a, mete s…õ nsuo rekeka w…î m'aso mu."
Ears,Discharge & Sensation,"There is a deep, unreachable itching sensation inside my ear canal.","Mew…î titiri bi a …õy…õ den s…õ w…îb…õnya w…î m'aso kwan mu."
Ears,Discharge & Sensation,"A sticky, foul, or bloody fluid is discharging from my ear.","Nsuo a …õy…õ mm…îbor…îsane, …õnne b…îne, anaa mogya refiri m'aso mu."
Nose,Congestion & Pressure,"My nostrils and sinuses feel completely blocked and heavy.","M'ahwere mu ne m'ahwere mu atenae…õ asi koraa na ay…õ duru."
Nose,Congestion & Pressure,"There is a heavy, painful weight across my forehead and cheekbones.","Mew…î duru a …õy…õ yaw w…î m'anim na m'anim nnompe so."
Nose,Congestion & Pressure,"My nose is so tightly blocked that I can only breathe through my mouth.","M'ahwere si me denneennen araa ma mintumi nfa m'ano nkutoo na ahome."
Nose,Congestion & Pressure,"My whole nasal area feels heavily swollen from the inside.","M'ahwere mu nyinaa ahono k…õse firi mu."
Nose,Congestion & Pressure,"The pressure in my nose is so severe that it is causing my upper teeth to ache.","Nhy…õso…î a …õw…î m'ahwere mu no ano y…õ den araa ma …õma m'ase soro y…õ me yaw."
Nose,Discharge & Irritation,"Thick, yellowish-green catarrh is draining down the back of my throat.","Atiridii a emu y…õ duru, a …õy…õ akok…îsrade…õ-ahahanmono reba m'amen mu akyi."
Nose,Discharge & Irritation,"My nose is running so severely that I am constantly wiping it.","M'ahwere retu nsuo dennen araa ma mepopa daa."
Nose,Discharge & Irritation,"There is a continuous dripping at the back of my throat making me cough.","Nsuo a …õretoa so s…õ …õresian w…î m'amen akyi no ma meworo."
Nose,Discharge & Irritation,"The edges of my nostrils are raw, peeled, and painful from constant wiping.","M'ahwere ano ay…õ kusuu, atete, na …õy…õ yaw efiri s…õ mepopa daa."
Nose,Discharge & Irritation,"Blood is dripping from my nostrils and it refuses to stop.","Mogya retu firi m'ahwere mu na …õmp…õ s…õ …õgyae."
Nose,Smell & Sensation,"I have completely lost my sense of smell.","M'ani nhu ahome nka koraa."
Nose,Smell & Sensation,"Everything I smell has a terrible, foul odor that is not real.","Biribiara a meka hua no y…õ b…îne hu, na …õny…õ nokware."
Nose,Smell & Sensation,"My nostrils feel like they are burning with heat whenever I breathe.","S…õ mehome a, m'ahwere mu hyehye me s…õ nea …õrehye."
Mouth & Throat,Throat Pain,"My throat feels raw and sharp, as if I have swallowed something rough.","M'amen y…õ me s…õ nea ay…õ kusuu na ano y…õ d…õn, s…õ nea menee biribi a …õy…õ den."
Mouth & Throat,Throat Pain,"My throat is so sore that it burns severely whenever I swallow.","M'amen y…õ me yaw araa ma s…õ menene a, …õhyehye me denneennen."
Mouth & Throat,Throat Pain,"It is highly painful to swallow anything, even my own saliva.","∆êy…õ yaw k…õse s…õ w…îb…õmene biribiara, mpo m'ankasa ntasu."
Mouth & Throat,Throat Pain,"I feel a sharp, piercing pain localized on one side of my tonsils.","Mete …îyaw a ano y…õ d…õn a …õda m'amen to…îsi baako fam p…õ…õ."
Mouth & Throat,Throat Pain,"There is a sensation of severe burning heat at the back of my throat.","Mete …îhyew a ano y…õ den w…î m'amen akyi."
Mouth & Throat,Swallowing & Lumps,"It feels like there is a heavy lump stuck in my throat that refuses to go down.","∆ête s…õ nea biribi duru bi asian w…î m'amen mu a …õmp…õ s…õ …õsian k…î."
Mouth & Throat,Swallowing & Lumps,"My food feels like it is getting stuck halfway down my throat.","M'aduane te s…õ nea …õresian w…î m'amen mu mfimfini."
Mouth & Throat,Swallowing & Lumps,"There is a tight, choking sensation in my throat as if something is pressing it.","Mete s…õ nea biribi rekyekyere m'amen mu denneennen s…õ nea …õrehy…õ no so."
Mouth & Throat,Swallowing & Lumps,"Swallowing is very difficult, like forcing food through a narrow, painful passage.","Menenee y…õ den k…õse, s…õ nea worepia aduane fa kwan a …õy…õ teateaa na …õy…õ yaw mu."
Mouth & Throat,Mouth & Tongue,"My tongue feels heavily swollen and too large for my mouth.","Me t…õkyer…õma ahono k…õse na aso dodo ma m'ano."
Mouth & Throat,Mouth & Tongue,"I have developed highly painful sores on my gums and the inside of my cheeks.","Mew…î akuru a …õy…õ yaw k…õse w…î m'ase ne m'afono mu."
Mouth & Throat,Mouth & Tongue,"My mouth is completely dry, as if there is no saliva left at all.","M'ano awu koraa, s…õ nea ntasu biara nni mu."
Mouth & Throat,Mouth & Tongue,"I have a constant bitter or metallic taste in my mouth that will not go away.","Mew…î nka a …õy…õ nwononwono anaa dadde te…õ w…î m'ano a …õrenk…î da."
Mouth & Throat,Mouth & Tongue,"My gums are swollen, bleeding, and very painful whenever I touch them.","M'ase ahono, …õreyi mogya, na …õy…õ yaw k…õse s…õ mede me nsa ka a."
Jaw,Pain & Clicking,"My jaw makes a clicking sound and locks completely when I try to open my mouth.","S…õ mep…õ s…õ mibue m'ano a, m'ab…îne y…õ nnyigyei na …õsi koraa."
Jaw,Pain & Clicking,"I feel a deep, severe ache spreading across my entire jawbone.","Mete …îyaw a emu y…õ duru na …õtr…õ w…î m'ab…îne mu nyinaa."
Jaw,Pain & Clicking,"My jaw joint is so stiff and painful that I cannot open my mouth wide.","M'ab…îne hy…õn mu y…õ den na …õy…õ yaw araa ma mintumi mmue m'ano mu k…õse."
Jaw,Pain & Clicking,"I can hear and feel a grinding sensation in my jaw joint whenever I chew.","S…õ mewe a, mete na mete s…õ biribi rew…î m'ab…îne hy…õn mu."
Jaw,Pain & Clicking,"My jaw occasionally gets stuck, and I have to force it to move.","M'ab…îne si k…õt…õk…õt…õ, na …õs…õ s…õ mede aho…îden ka no ansa na atu."
Jaw,Radiating & Referred Pain,"The severe pain in my jaw is shooting directly up into my ear.","∆Üyaw k…õse a …õw…î m'ab…îne mu no rekor…î k…î m'aso mu t·∫Ω·∫Ω."
Jaw,Radiating & Referred Pain,"I feel a sharp, electric-like pain shooting across my cheek.","Mete …îyaw a ano y…õ d…õn s…õ …õlektr…înik a …õretwa m'afono mu."
Jaw,Radiating & Referred Pain,"My temples are throbbing so hard that I can feel the pulse with my fingers.","M'anim anim rehunu denneennen araa ma metumi de me nsateaa aka mogya a …õretu no."
Jaw,Radiating & Referred Pain,"The heavy ache in my jaw is traveling down into my neck and shoulder.","∆Üyaw duru a …õw…î m'ab…îne mu no rek…î m'eky…õn ne m'abatire mu."
Jaw,Function & Stiffness,"It causes me great pain to chew even very soft food.","S…õ mewe aduane a …õy…õ mmer…õ mpo a, …õma me yaw k…õse."
Jaw,Function & Stiffness,"One side of my face feels completely numb and tingling.","M'anim fa baako ay…õ dinn koraa na …õrewoso."
Jaw,Function & Stiffness,"I am unable to open my mouth wide enough to take a bite of food.","Mintumi mmue m'ano mu k…õse s…õnea …õb…õy…õ a metumi aka aduane."
Jaw,Function & Stiffness,"My jaw feels heavily stiff and locked, especially when I wake up in the morning.","M'ab…îne y…õ den k…õse na asi, titiriw s…õ menyane an…îpa a."
Head,Headache Types,"I feel a tight, heavy pressure squeezing all around my head.","Mete nhy…õso…î a emu y…õ duru a …õrekyim me tiri ho nyinaa."
Head,Headache Types,"There is a heavy, rhythmic throbbing pounding inside my skull.","Mew…î …îyaw duruduru a emu y…õ duru na …õrehunu w…î me tiri mu."
Head,Headache Types,"I am experiencing a sharp, piercing pain right behind one of my eyes.","Mete …îyaw a ano y…õ d…õn a …õw…î m'ani baako akyi p…õ…õ."
Head,Headache Types,"I have a deep, boring pain that feels like it is drilling inside my skull.","Mew…î …îyaw a emu y…õ duru a …õte s…õ nea …õretu hy…õ me tiri mu."
Head,Headache Types,"My head feels so full of pressure that it feels like it will burst.","Me tiri mu ay…õ nhy…õso…î ma araa ma …õte s…õ nea …õrepae."
Head,Headache Types,"I have a severe throbbing headache on just one side that worsens when I move.","Mew…î tiri yaw a ano y…õ den na …õrehunu w…î …îfa baako p…õ a s…õ mekeka me ho a …õy…õ k…õse."
Head,Pressure & Heaviness,"My head feels incredibly heavy, as if my neck cannot support it.","Me tiri mu y…õ duru k…õse araa, s…õ nea m'eky…õn rentumi nsoa."
Head,Pressure & Heaviness,"There is a severe, heavy weight sitting directly on top of my head.","Mew…î duru k…õse a …õda me tiri so p…õ…õ."
Head,Pressure & Heaviness,"My entire head feels highly congested, full, and heavy.","Me tiri nyinaa mu ay…õ ma, ay…õ duru, na ay…õ duru."
Head,Pressure & Heaviness,"It feels as though my head has been wrapped too tightly with a band.","∆ête s…õ nea w…îde ntama akyekyere me tiri mu denneennen."
Head,Sensitivity,"Whenever light hits my eyes, a sharp pain shoots straight into my brain.","S…õ hann b…î m'ani a, …îyaw a ano y…õ d…õn no hy…õ m'amene mu t·∫Ω·∫Ω."
Head,Sensitivity,"The slightest noise sends a painful shock through my entire head.","Nnyigyei kakraa bi mpo de …îyaw a …õy…õ hu ba me tiri mu nyinaa."
Head,Sensitivity,"My scalp is so tender that even touching my hair lightly causes pain.","Me tiri nwi mu y…õ mmer…õ araa ma s…õ mede me nsa ka me nwi kakraa mpo a …õy…õ yaw."
Head,Sensitivity,"Strong odors make my headache become completely unbearable.","Ahome nka a emu y…õ den ma me tiri yaw no y…õ k…õse a wontumi nnyina ano."
Scalp & Hair,Scalp Pain,"My scalp is so tender and painful that combing my hair is an agony.","Me tiri nwi mu y…õ mmer…õ na …õy…õ yaw araa ma s…õ misan me nwi a …õy…õ amanehunu."
Scalp & Hair,Scalp Pain,"There are patches on my scalp that feel like they are burning and stinging.","Mew…î mpaapaawa w…î me tiri nwi mu a …õte s…õ nea …õrehye na …õrew…î."
Scalp & Hair,Scalp Pain,"I feel a crawling or tingling sensation moving all over my scalp.","Mete s…õ nea biribi rekeka w…î me tiri nwi mu nyinaa."
Scalp & Hair,Scalp Pain,"I am experiencing a sharp, localized pain on one specific spot of my scalp.","Mete …îyaw a ano y…õ d…õn w…î me tiri nwi mu baabi p…îtee bi."
Scalp & Hair,Scalp Condition,"My scalp is covered in heavy, itchy flakes and white scales.","Me tiri nwi mu ay…õ ma nsesaawa a …õy…õ duru na …õrey…õ titiri."
Scalp & Hair,Scalp Condition,"My scalp feels very greasy, hot, and irritated no matter how well I wash it.","Me tiri nwi mu y…õ ngo, …õy…õ hyew, na …õhaw me s…õ mehohoro no yiye mpo a."
Scalp & Hair,Scalp Condition,"Small, painful bumps and rashes have broken out across my scalp.","Nketewa, a …õy…õ yaw ne nkuru a apae w…î me tiri nwi mu."
Scalp & Hair,Hair,"My hair is breaking and falling out in large quantities when I comb it.","Me nwi rey…õ mmer…õ na …õret…î gu s…õ misan a."
Scalp & Hair,Hair,"I have developed a completely smooth, bald patch on my head.","Mew…î baabi a ay…õ t…îtr…î…î…õ koraa w…î me tiri so a nwi nni h…î."
Neck,Stiffness & Mobility,"My neck is completely stiff and locked; I cannot turn it at all.","Me k…în ay…õ den koraa na asi; mintumi nnane no koraa."
Neck,Stiffness & Mobility,"Turning my head sends a sharp, shooting pain directly into my shoulder.","S…õ midan me tiri a, …îyaw a ano y…õ d…õn no k…î m'abatire mu t·∫Ω·∫Ω."
Neck,Stiffness & Mobility,"My neck feels as stiff as a piece of wood when I wake up in the morning.","Me k…în y…õ den s…õ dua s…õ menyane an…îpa a."
Neck,Stiffness & Mobility,"I cannot tilt my head backward without feeling a sharp, stabbing pain.","Mintumi mmoa me tiri nky…õnky…õn akyi koraa a minnya …îyaw a ano y…õ d…õn."
Neck,Pain & Aching,"The muscles in my neck feel extremely tight, tense, and strained.","Me k…în mu ntini ay…õ den k…õse, ay…õ den, na …õrehaw."
Neck,Pain & Aching,"I have a deep, burning ache localized at the base of my skull.","Mew…î …îyaw a emu y…õ duru na …õrehye w…î me tiri ase p…õ…õ."
Neck,Pain & Aching,"It feels like a hot, piercing iron is being forced into the back of my neck.","∆ête s…õ nea dadde a …õy…õ hyew a ano y…õ d…õn rehy…õ me k…în akyi."
Neck,Pain & Aching,"My neck aches constantly, as if I have been carrying a heavy load on my head.","Me k…în y…õ me yaw daa, s…õ nea masoa nne…õma duru w…î me tiri so."
Neck,Nerve & Radiating Pain,"A sharp, electric pain is shooting from my neck straight down into my arm.","∆Üyaw a ano y…õ d…õn s…õ …õlektr…înik refiri me k…în mu ak…î me basa mu t·∫Ω·∫Ω."
Neck,Nerve & Radiating Pain,"My neck pain is causing a tingling, vibrating numbness in my fingers.","Me k…în yaw no ma me nsateaa mu y…õ dinn na …õrewoso."
Neck,Nerve & Radiating Pain,"The pain at the back of my neck travels all the way up into my head.","∆Üyaw a …õw…î me k…în akyi no k…î me tiri mu koraa."
Neck,Nerve & Radiating Pain,"I am experiencing a dead, numb sensation in my arm that originates from my neck.","Mete nka a ay…õ dinn w…î me basa mu a efi me k…în mu."
Brain & Neurological,Dizziness & Balance,"The entire room is spinning around me and I cannot stand steadily.","Dan no nyinaa retwa me ho hyia, na mintumi nnyina h…î pintinn."
Brain & Neurological,Dizziness & Balance,"I feel completely off-balance, as if the ground is moving under my feet.","Me ho nsi me yie koraa, s…õ nea …õfam rekeka w…î me nan ase."
Brain & Neurological,Dizziness & Balance,"I feel suddenly lightheaded, like all the blood has left my head.","Mete s…õ nea me tiri mu y…õ hare pr…õko p…õ, s…õ nea mogya nyinaa afiri me tiri mu."
Brain & Neurological,Dizziness & Balance,"Everything appears tilted and I feel myself leaning heavily to one side.","Biribiara b…î me s…õ nea …õkyea, na mete s…õ merehwe …îfa baako denneennen."
Brain & Neurological,Dizziness & Balance,"I feel a rocking sensation, as if I am on a boat at sea, even when standing still.","Mete s…õ nea …õrehim, s…õ nea mew…î …îkodo mu w…î …õpo so, s…õ megyina pintinn mpo a."
Brain & Neurological,Consciousness & Cognition,"I feel completely disconnected from my surroundings, as if walking in a fog.","Mete s…õ nea minni abusuab…î biara ne m'atwa ho nne…õma, s…õ nea menam wusiw mu."
Brain & Neurological,Consciousness & Cognition,"My thoughts are very slow and confused; my brain refuses to work properly.","M'adwene mu y…õ den na ay…õ basaa; m'amene mp…õ s…õ …õy…õ adwuma yiye."
Brain & Neurological,Consciousness & Cognition,"I suddenly forgot where I was and could not remember what I was doing.","M'ani so were fii baabi a mew…î pr…õko p…õ, na na mintumi nkae de…õ merey…õ."
Brain & Neurological,Consciousness & Cognition,"I experienced a blank moment where I completely lost consciousness for a few seconds.","Mew…î …õber…õ bi a na m'ani so ay…õ dinn a m'ani so fii me koraa simma kakra."
Brain & Neurological,Consciousness & Cognition,"My brain feels loose, as if it is shaking inside my skull when I move.","M'amene te s…õ nea ab…õn, s…õ nea …õrewoso w…î me tiri mu s…õ mekeka me ho a."
Brain & Neurological,Sensory Disturbances,"I am seeing sudden flashes of light and bright patterns before my eyes.","Mihu nkanea a …õretwa pr…õko p…õ ne nsusui…õ a …õhyer…õn w…î m'ani so."
Brain & Neurological,Sensory Disturbances,"One side of my face suddenly became completely numb and tingled.","M'anim fa baako ay…õ dinn koraa na …õrewoso pr…õko p…õ."
Brain & Neurological,Sensory Disturbances,"My speech suddenly became heavy and slurred; I could not form words.","Me kasa mu y…õ…õ duru na ay…õ basaa; na mintumi mm…î ns…õm."
Brain & Neurological,Sensory Disturbances,"One half of my body suddenly became completely weak and heavy.","Me nipadua fa baako mu y…õ…õ mmer…õ na ay…õ duru pr…õko p…õ."
Brain & Neurological,Sensory Disturbances,"I feel a strange crawling or electrical sensation moving across my scalp.","Mete nka bi a …õy…õ nwanwa s…õ nea …õrekeka anaa …õlektr…înik a …õrenam me tiri nwi mu."
Chest,Cardiac-Style Pain,"I feel a severe, heavy weight sitting directly on my chest, like a heavy load.","Mete duru k…õse a …õda me koko so p…õ…õ, s…õ nne…õma duru."
Chest,Cardiac-Style Pain,"There is a tight, crushing compression right in the middle of my breastbone.","Mew…î nhy…õso…î a emu y…õ den a …õrebr…õ me koko mfimfini p…õ…õ."
Chest,Cardiac-Style Pain,"It feels as though my chest is being heavily squeezed from all sides.","∆ête s…õ nea w…îrekyim me koko denneennen firi afa nyinaa."
Chest,Cardiac-Style Pain,"I am feeling a deep, heavy, bruised ache inside my chest.","Mete …îyaw a emu y…õ duru, a ay…õ kuru w…î me koko mu."
Chest,Cardiac-Style Pain,"The pain started in my chest and is shooting straight up into my jaw.","∆Üyaw no fii me koko mu na …õreforo k…î m'ab…îne mu t·∫Ω·∫Ω."
Chest,Cardiac-Style Pain,"I feel a tight, gripping pain clenching right behind my breastbone.","Mete …îyaw a emu y…õ den a …õrekyim w…î me koko dompe akyi p…õ…õ."
Chest,Cardiac-Style Pain,"It feels as if something is tightly gripping my heart inside my chest.","∆ête s…õ nea biribi rekyim m'akoma denneennen w…î me koko mu."
Chest,Respiratory & Breathing,"I feel a sharp, piercing pain in my chest every time I take a deep breath.","Mete …îyaw a ano y…õ d…õn w…î me koko mu bere biara a mehome denneennen."
Chest,Respiratory & Breathing,"I cannot catch my breath properly; it feels like my airway is restricted.","Mintumi nhome yiye; …õte s…õ nea m'ahome kwan no ab…î."
Chest,Respiratory & Breathing,"My chest and lungs feel a severe burning heat whenever I inhale.","S…õ mehome mu a, me koko ne m'ahrawa mu hyehye me denneennen."
Chest,Respiratory & Breathing,"My breathing gets cut short halfway; I cannot take a full breath.","M'ahome twa mu w…î mfimfini; mintumi nhome mma."
Chest,Respiratory & Breathing,"My chest feels so tight that my ribs refuse to expand.","Me koko mu y…õ den araa ma me mfe…õ mp…õ s…õ …õtr…õ."
Chest,Respiratory & Breathing,"I feel like I am suffocating or choking, even though I am breathing fast.","Mete s…õ nea m'ahome rekyere me anaa …õretwa, s…õ mehome nt…õm mpo a."
Chest,Respiratory & Breathing,"Every time I cough, it feels as if something is tearing inside my chest.","Bere biara a meworo no, …õte s…õ nea biribi retete w…î me koko mu."
Chest,Respiratory & Breathing,"I can hear a whistling or wheezing sound in my chest when I breathe out.","S…õ mehome gu a, mete nnyigyei bi s…õ ab…õn anaa nnyigyei w…î me koko mu."
Chest,Palpitations,"My heart is flipping and jumping around inside my chest.","M'akoma redane na …õrehuri w…î me koko mu."
Chest,Palpitations,"My heart is racing at a terrifying speed for no clear reason.","M'akoma rekwane nt…õm a …õy…õ hu a minnim nea enti."
Chest,Palpitations,"My heart suddenly missed a beat and then thumped with great force.","M'akoma b…î twaa pr…õko p…õ, na afei …õb…î…î denneennen."
Chest,Palpitations,"I feel a rapid fluttering sensation inside my chest, like a trapped bird.","Mete s…õ nea biribi rehuri nt…õm w…î me koko mu, s…õ anomaa a w…îakyere."
Chest,Palpitations,"I can feel my pulse pounding violently right up into my throat.","Mete s…õ mogya a …õretu no reb…î denneennen k…î m'amen mu p…õ…õ."
Chest,Musculoskeletal Chest Pain,"It hurts severely at the exact spot where I press my finger on my ribs.","∆êy…õ yaw k…õse w…î baabi p…îtee a mede me nsateaa hy…õ me mfe…õ so no."
Chest,Musculoskeletal Chest Pain,"It feels as though I have severely sprained a major muscle across my chest.","∆ête s…õ nea m'ani so ate ntini k…õse bi a …õfa me koko mu."
Chest,Musculoskeletal Chest Pain,"Twisting my body sends a sharp, stabbing pain shooting through my ribs.","S…õ midan me nipadua a, …îyaw a ano y…õ d…õn no hy…õ me mfe…õ mu."
Chest,Musculoskeletal Chest Pain,"My chest wall feels extremely sore and tender to the touch.","Me koko fasu y…õ yaw k…õse na …õy…õ mmer…õ s…õ w…îde ka a."
Heart & Cardiovascular,Heartburn & Esophageal,"I feel a severe burning fire climbing from my stomach up into my throat.","Mete ogya a …õrehye denneennen a …õrefiri me yafunu mu ak…î m'amen mu."
Heart & Cardiovascular,Heartburn & Esophageal,"Whenever I swallow, the food feels like it is stuck right behind my breastbone.","S…õ menene a, aduane no te s…õ nea asi w…î me koko dompe akyi p…õ…õ."
Heart & Cardiovascular,Heartburn & Esophageal,"I have terrible heartburn and I am breaking out in a cold, heavy sweat.","Mew…î yafunu hyew a ano y…õ den, na fifiri a …õy…õ duru retu."
Heart & Cardiovascular,Heartburn & Esophageal,"I have a sharp chest pain that becomes much worse when I lie flat on my back.","Mew…î koko yaw a ano y…õ d…õn a s…õ meda m'akyi a …õy…õ k…õse."
Heart & Cardiovascular,Heartburn & Esophageal,"There is a constant sour, acidic fluid rising into the back of my mouth.","Nsuo a …õy…õ nwononwono, a …õy…õ acid no rek…î m'ano akyi daa."
Heart & Cardiovascular,Circulation & Vascular,"My feet feel icy cold even though the weather or room is warm.","Me nan y…õ nwunu s…õ nwunu s…õ wim tae y…õ hyew mpo a."
Heart & Cardiovascular,Circulation & Vascular,"My legs feel extremely heavy, tired, and weak after walking a short distance.","Me nan mu y…õ duru k…õse, abr…õ, na ay…õ mmer…õ s…õ menantew kakra a."
Heart & Cardiovascular,Circulation & Vascular,"My veins appear swollen and I can feel them throbbing under my skin.","Me ntini ahono, na mete s…õ …õrehunu w…î me honam ase."
Heart & Cardiovascular,Circulation & Vascular,"One of my legs has swollen significantly larger than the other for no reason.","Me nan baako ahono k…õse asen nea …õka ho a minnim nea enti."
Heart & Cardiovascular,Circulation & Vascular,"My fingertips turn completely white and numb whenever I experience cold.","S…õ nwunu ka me a, me nsateaa ano y…õ fitaa koraa na …õy…õ dinn."
Lungs & Breathing,Cough & Airways,"I have a deep, rattling cough that brings up thick, colored phlegm.","Mew…î …îworo a emu y…õ duru a …õma nsuo a …õy…õ duru, a …õy…õ ahosuo pue."
Lungs & Breathing,Cough & Airways,"I am coughing so severely that I am retching and cannot catch my breath.","Mereworo denneennen araa ma merefe na mintumi nhome."
Lungs & Breathing,Cough & Airways,"There is a loud, tight wheezing sound whenever I breathe out.","Nnyigyei k…õse a …õy…õ den ba s…õ mehome gu a."
Lungs & Breathing,Cough & Airways,"My throat and airway feel like they are closing up and becoming narrow.","M'amen ne m'ahome kwan te s…õ nea …õreto mu na …õrey…õ teateaa."
Lungs & Breathing,Cough & Airways,"I noticed that I coughed up sputum mixed with blood.","Mihui s…õ nsuo a meworo no de mogya abom."
Lungs & Breathing,Breathlessness,"I become heavily short of breath just by walking to the next room.","S…õ menantew k…î dan foforo mu mpo a, m'ahome twa me."
Lungs & Breathing,Breathlessness,"I must sit upright to breathe; lying flat on my bed makes it impossible.","∆ês…õ s…õ metena ase t·∫Ω·∫Ω na mehome; s…õ meda m'akyi w…î mpa so a, …õy…õ den."
Lungs & Breathing,Breathlessness,"Breathing has become a very heavy, exhausting labor for me.","Ahome a mehome no ay…õ adwuma a …õy…õ duru na …õma …õbr…õ me."
Lungs & Breathing,Breathlessness,"I cannot take a deep breath; something stops it halfway.","Mintumi nhome denneennen; biribi si no kwan w…î mfimfini."
Lungs & Breathing,Chest Feeling,"It feels as though there is a heavy fluid or weight resting on my lungs.","∆ête s…õ nea nsuo duru bi anaa duru bi da m'ahrawa so."
Lungs & Breathing,Chest Feeling,"My lungs feel raw and full of burning heat with every breath I take.","M'ahrawa mu y…õ kusuu na ay…õ hyew w…î ahome biara a mehome mu."
Lungs & Breathing,Chest Feeling,"There is a dull, heavy ache deep inside my chest that increases when I breathe.","Mew…î …îyaw a emu y…õ duru w…î me koko mu p…õ…õ a s…õ mehome a …õy…õ k…õse."
Upper Abdomen,Stomach & Digestion,"My stomach feels like it is turning over and churning severely.","Me yafunu te s…õ nea …õredane na …õrehuru denneennen."
Upper Abdomen,Stomach & Digestion,"It feels like a sharp, acidic fire is burning a hole inside my stomach.","∆ête s…õ nea ogya a ano y…õ d…õn, a …õy…õ acid rehye tokuru w…î me yafunu mu."
Upper Abdomen,Stomach & Digestion,"I feel intensely nauseous, as if my stomach wants to turn inside out.","Mete nka s…õ mereb…î …îfe, s…õ nea me yafunu p…õ s…õ …õdan ne ho."
Upper Abdomen,Stomach & Digestion,"It feels like a heavy rock or stone is sitting at the bottom of my stomach.","∆ête s…õ nea …îbo duru bi da me yafunu ase."
Upper Abdomen,Stomach & Digestion,"Every mouthful of food causes a sharp cramp right under my ribs.","Aduane biara a mede b…õ m'ano no de …îyaw a ano y…õ d…õn ba w…î me mfe…õ ase p…õ…õ."
Upper Abdomen,Stomach & Digestion,"I have a constant sour, bubbling, and unsettled feeling in my upper belly.","Mew…î nka a …õy…õ nwononwono, a …õrepuepue, na …õny…õ d…õ w…î me yafunu soro."
Upper Abdomen,Bloating & Gas,"My stomach is so heavily bloated and full of gas that I feel like I will burst.","Me yafunu ahono k…õse na mframa ahy…õ mu ma araa ma mete s…õ nea …õrepae."
Upper Abdomen,Bloating & Gas,"I feel a large, trapped bubble of gas in my stomach that refuses to move.","Mete s…õ nea mframa k…õse bi a w…îakyere w…î me yafunu mu a …õmp…õ s…õ …õtu."
Upper Abdomen,Bloating & Gas,"My upper belly is stretched tight and hard, like an over-inflated balloon.","Me yafunu soro mu ay…õ den na ay…õ den, s…õ b…î…îlo a w…îab…î mframa dodo."
Upper Abdomen,Bloating & Gas,"There is constant loud rumbling and gurgling noises inside my stomach.","Nnyigyei k…õse a …õrehuru na …õrepue daa w…î me yafunu mu."
Upper Abdomen,Liver & Gallbladder Area,"I experience a severe, cramping pain under my right ribs after eating.","S…õ medidi a, mew…î …îyaw a …õrekyim me denneennen w…î me mfe…õ nifa ase."
Upper Abdomen,Liver & Gallbladder Area,"There is a constant dull, heavy ache located just under my right rib cage.","Mew…î …îyaw a emu y…õ duru a …õda h…î daa w…î me mfe…õ nifa dan mu ase p…õ…õ."
Upper Abdomen,Liver & Gallbladder Area,"The pain under my right ribs shoots straight into my right shoulder blade.","∆Üyaw a …õw…î me mfe…õ nifa ase no k…î me nifa batire mu t·∫Ω·∫Ω."
Upper Abdomen,Liver & Gallbladder Area,"My upper right abdomen is highly tender and painful when pressed.","Me yafunu nifa soro y…õ mmer…õ k…õse na …õy…õ yaw s…õ w…îhy…õ so a."
Lower Abdomen,Cramping & Spasms,"My lower stomach is tied up in very tight, twisting knots.","Me yafunu ase no asa w…î ns…îe a …õy…õ den, a …õredane."
Lower Abdomen,Cramping & Spasms,"I am having severe abdominal cramps that come and go in heavy waves.","Mew…î yafunu yaw a ano y…õ den a …õba na …õk…î w…î asor…îkye mu."
Lower Abdomen,Cramping & Spasms,"It feels as if my intestines are being tightly wrung out like a wet cloth.","∆ête s…õ nea w…îrekyim me yafunu mu nne…õma denneennen s…õ ntama a af…î."
Lower Abdomen,Cramping & Spasms,"My belly keeps seizing up, tightening, and becoming as hard as a stone.","Me yafunu k…î so kyekyere, …õy…õ den, na …õy…õ den s…õ …îbo."
Lower Abdomen,Cramping & Spasms,"I have a severe, gripping abdominal pain that forces me to double over.","Mew…î yafunu yaw a ano y…õ den a …õma me kyia."
Lower Abdomen,Localised Pain,"I am experiencing a constant, dull ache in the lower right side of my belly.","Mete …îyaw a emu y…õ duru a …õda h…î daa w…î me yafunu nifa ase."
Lower Abdomen,Localised Pain,"I have a sharp, stabbing pain localized low down on my left side.","Mew…î …îyaw a ano y…õ d…õn a …õda me benkum ase p…õ…õ."
Lower Abdomen,Localised Pain,"I feel a deep, throbbing ache centered right around my navel.","Mete …îyaw a emu y…õ duru na …õrehunu w…î me funuma ho p…õ…õ."
Lower Abdomen,Localised Pain,"There is a ripping or tearing sensation in my groin when I try to move.","Mete s…õ nea biribi rete w…î me nan ase s…õ mep…õ s…õ mekeka me ho a."
Lower Abdomen,Localised Pain,"My lower abdomen feels heavily full, weighted, and bloated.","Me yafunu ase ay…õ ma, ay…õ duru, na ahono."
Lower Abdomen,Acute & Severe,"It is a sharp, tearing pain that goes straight through from my belly to my back.","∆êy…õ …îyaw a ano y…õ d…õn, a …õrete a efiri me yafunu mu k…î m'akyi t·∫Ω·∫Ω."
Lower Abdomen,Acute & Severe,"My belly is so tender that even the weight of my clothes or bedsheet hurts.","Me yafunu y…õ mmer…õ araa ma me ntama anaa mpa ho ntama duru mpo y…õ yaw."
Lower Abdomen,Acute & Severe,"I feel a sudden, catastrophic pain inside my stomach as if something exploded.","Mete …îyaw a ano y…õ den pr…õko p…õ w…î me yafunu mu s…õ nea biribi apae."
Lower Abdomen,Acute & Severe,"I cannot stand up straight; the abdominal pain forces me to stay bent double.","Mintumi nnyina h…î t·∫Ω·∫Ω; yafunu yaw no ma mete ase akyea."
Lower Abdomen,Acute & Severe,"It feels as though something has suddenly ruptured or burst inside my belly.","∆ête s…õ nea biribi apae pr…õko p…õ w…î me yafunu mu."
Pelvis,Pelvic Pain,"I feel a severe, deep cramping pain right in the center of my pelvis.","Mete …îyaw a emu y…õ duru, a …õrekyim me w…î me nan ase mfimfini p…õ…õ."
Pelvis,Pelvic Pain,"I have a dull, spreading ache across my entire pelvic and groin area.","Mew…î …îyaw a emu y…õ duru a …õtr…õ w…î me nan ase ne me nan ase nyinaa."
Pelvis,Pelvic Pain,"I feel a sharp, knife-like stab in my lower abdomen whenever I sit down.","S…õ metena ase a, mete s…õ nea w…îde sekan a ano y…õ d…õn w…î me yafunu ase."
Pelvis,Pelvic Pain,"There is a raw, throbbing ache deep inside my hip and pelvic bones.","Mew…î …îyaw a emu y…õ duru na …õrehunu w…î me sere ne me nan ase nnompe mu p…õ…õ."
Pelvis,Pelvic Pain,"My pelvic pain is so severe that it shoots down into both of my thighs.","Me nan ase yaw no ano y…õ den araa ma …õrek…î me sr…õ mmienu no mu."
Pelvis,Bladder & Urination,"I feel a severe burning, sharp pain every time I attempt to pass urine.","Mete …îhyew a ano y…õ den, …îyaw a ano y…õ d…õn bere biara a mep…õ s…õ medwene."
Pelvis,Bladder & Urination,"I feel a constant, urgent pressure to urinate, but only a few drops come out.","Mete nhy…õso…î a emu y…õ den a …õho hia s…õ medwene, nanso nsuo nketewa bi na …õba."
Pelvis,Bladder & Urination,"There is a heavy, continuous pressure in my lower bladder area that remains.","Mew…î nhy…õso…î a emu y…õ duru, a …õtoa so w…î me dwens…îtwaa ase a …õk…î so."
Pelvis,Bladder & Urination,"Passing urine feels extremely sharp and painful, like passing broken glass.","S…õ medwene a, …õy…õ yaw k…õse, s…õ nea w…îfa ahwehw…õ a abubu."
Pelvis,Bladder & Urination,"I noticed blood in my urine, accompanied by a deep ache in my lower back.","Mihuu mogya w…î me dwene mu, na …îyaw a emu y…õ duru w…î m'akyi ase ka ho."
Upper Back,Muscle & Soft Tissue,"It feels like a large, painful knot is stuck right between my shoulder blades.","∆ête s…õ nea ns…îe k…õse a …õy…õ yaw bi asi w…î m'abatire ntam p…õ…õ."
Upper Back,Muscle & Soft Tissue,"I have a burning ache across my shoulders that is traveling up into my neck.","Mew…î …îyaw a …õrehye w…î m'abatire ho a …õrek…î m'eky…õn mu."
Upper Back,Muscle & Soft Tissue,"The muscles in my upper back feel tightly knotted, stiff, and painful.","Me batire soro ntini ay…õ den, ay…õ den, na …õy…õ yaw."
Upper Back,Muscle & Soft Tissue,"It feels like a hot, burning iron is being pressed against my shoulder blade.","∆ête s…õ nea dadde a …õy…õ hyew a …õrehye no rehy…õ m'abatire so."
Upper Back,Breath-Related Pain,"I experience a sharp, stabbing pain in my upper back whenever I breathe in deeply.","Mete …îyaw a ano y…õ d…õn w…î m'akyi soro bere biara a mehome mu denneennen."
Upper Back,Breath-Related Pain,"Every time I take a deep breath, a knife-like pain shoots through my ribs to my back.","Bere biara a mehome mu denneennen no, …îyaw a …õte s…õ sekan no hy…õ me mfe…õ mu k…î m'akyi."
Upper Back,Stiffness,"My mid-back feels completely stiff, frozen, and refuses to bend.","M'akyi mfimfini ay…õ den koraa, ay…õ nwunu, na …õmp…õ s…õ …õkyea."
Upper Back,Stiffness,"Whenever I move my arms, a sharp pain shoots directly through my upper spine.","S…õ mekeka me basa a, …îyaw a ano y…õ d…õn no fa m'akyi ber…õmo soro mu t·∫Ω·∫Ω."
Upper Back,Stiffness,"My upper spine is so rigid that I cannot turn my body to look behind me.","M'akyi ber…õmo soro y…õ den araa ma mintumi nnane me nipadua nhw…õ m'akyi."
Lower Back,General Lumbar Pain,"My lower back feels completely broken, weak, and exhausted.","M'akyi ase te s…õ nea abubu koraa, ay…õ mmer…õ, na abr…õ."
Lower Back,General Lumbar Pain,"There is a deep, nagging, continuous ache in my lower back that refuses to stop.","Mew…î …îyaw a emu y…õ duru, a …õhaw, a …õtoa so w…î m'akyi ase a …õmp…õ s…õ …õgyae."
Lower Back,General Lumbar Pain,"My lower back feels locked in a permanent, tight, painful cramp.","M'akyi ase te s…õ nea asi w…î ns…îe a …õy…õ den, a …õy…õ yaw mu afeb…î…î."
Lower Back,General Lumbar Pain,"I have a dull, heavy ache spreading right across my waistline.","Mew…î …îyaw a emu y…õ duru a …õtr…õ w…î m'asene mu p…õ…õ."
Lower Back,General Lumbar Pain,"It hurts severely to bend forward even slightly; my back simply locks up.","S…õ mekyea kakra mpo a, …õy…õ yaw k…õse; m'akyi si koraa."
Lower Back,General Lumbar Pain,"My lower back burns with intense heat after sitting for just a few minutes.","S…õ metena ase simma kakra a, m'akyi ase hyehye me denneennen."
Lower Back,Spine & Structural,"My lower spine feels so weak, as if it will snap if I stand up straight.","M'akyi ber…õmo ase y…õ mmer…õ araa, s…õ nea …õb…õbu s…õ megyina h…î t·∫Ω·∫Ω a."
Lower Back,Spine & Structural,"It feels as though my back vertebrae are grinding against each other roughly.","∆ête s…õ nea m'akyi ber…õmo nnompe rey…õ w…în ho w…în ho denneennen."
Lower Back,Spine & Structural,"I feel a clicking or popping sensation in my spine whenever I twist my waist.","Mete s…õ nea biribi repue w…î m'akyi ber…õmo mu s…õ midan m'asene a."
Lower Back,Spine & Structural,"The pain feels like a deep, boring ache localized right inside the back bone.","∆Üyaw no te s…õ nea emu y…õ duru, a …õda m'akyi dompe mu p…õ…õ."
Lower Back,Morning Stiffness,"My lower back is so stiff in the morning that I have to struggle to get out of bed.","M'akyi ase y…õ den an…îpa araa ma …õs…õ s…õ mepere ansa na mafi mpa so."
Lower Back,Morning Stiffness,"I can barely stand upright for the first hour after waking up from sleep.","Mintumi nnyina h…î t·∫Ω·∫Ω yiye w…î d…înhwere a edi kan a menyane no mu."
Lower Back,Morning Stiffness,"My entire spine feels completely rigid and locked until I move around for some time.","M'akyi ber…õmo nyinaa y…õ den koraa na asi kosi s…õ mekeka me ho kakra."
Spine & Sciatica,Sciatica & Radiating Pain,"A sharp, electric shock of pain just shot from my back down into my leg.","∆Üyaw a ano y…õ d…õn s…õ …õlektr…înik bi pue firi m'akyi k…î me nan mu."
Spine & Sciatica,Sciatica & Radiating Pain,"It feels like a burning, hot electrical wire running down the back of my thigh.","∆ête s…õ nea waya a …õrehye, a …õy…õ hyew a …õfa me sr…õ akyi."
Spine & Sciatica,Sciatica & Radiating Pain,"The pain originates in my lower back and shoots directly into my buttock.","∆Üyaw no fi m'akyi ase na …õk…î m'apampam mu t·∫Ω·∫Ω."
Spine & Sciatica,Sciatica & Radiating Pain,"I have a sharp, traveling pain that moves from my waist all the way down to my toes.","Mew…î …îyaw a ano y…õ d…õn a …õnam firi m'asene mu kosi me nan ase."
Spine & Sciatica,Sciatica & Radiating Pain,"My back pain shoots down my leg and causes my foot to go completely numb.","M'akyi yaw no k…î me nan mu na …õma me nan y…õ dinn koraa."
Spine & Sciatica,Nerve & Sensory,"My lower back is numb, and the dead sensation is spreading further down my leg.","M'akyi ase ay…õ dinn, na nka a ay…õ dinn no retr…õ k…î me nan mu."
Spine & Sciatica,Nerve & Sensory,"I feel a strange crawling sensation moving along my spine.","Mete nka bi a …õy…õ nwanwa s…õ nea …õrekeka w…î m'akyi ber…õmo mu."
Spine & Sciatica,Nerve & Sensory,"There is a constant vibrating or buzzing numbness in my lower back area.","Mew…î nka a …õrewoso anaa …õrepue a ay…õ dinn w…î m'akyi ase daa."
Spine & Sciatica,Nerve & Sensory,"I have lost strength in one leg; it keeps buckling and failing to support me.","Me nan baako mu aho…îden asa; …õk…î so gu na entumi nsoa me."
Kidney & Flank,Flank Pain,"I have an agonizing pain in my side that comes in severe, unbearable waves.","Mew…î …îyaw a ano y…õ den w…î m'afa a …õba w…î asor…îkye a ano y…õ den a wontumi nnyina ano."
Kidney & Flank,Flank Pain,"It feels like a heavy wedge is being hammered into one side of my lower back.","∆ête s…õ nea w…îrehye biribi duru bi hy…õ m'akyi ase fa baako."
Kidney & Flank,Flank Pain,"I have a dull, throbbing ache deep under my ribs at the back on one side.","Mew…î …îyaw a emu y…õ duru na …õrehunu w…î me mfe…õ ase w…î akyi baako fam."
Kidney & Flank,Flank Pain,"It is a sharp, stabbing flank pain that radiates down into my groin area.","∆êy…õ …îyaw a ano y…õ d…õn a …õfa m'afa a …õk…î me nan ase."
Kidney & Flank,Flank Pain,"The pain in my side is so intense that no position allows me to lie down comfortably.","∆Üyaw a …õw…î m'afa no ano y…õ den araa ma biara nni h…î a …õma metumi ada h…î yiye."
Kidney & Flank,Associated Symptoms,"My lower back pain is so severe and agonizing that it is making me vomit.","M'akyi ase yaw no ano y…õ den na …õy…õ amanehunu araa ma …õma mefe."
Kidney & Flank,Associated Symptoms,"I am experiencing high fever and shivering chills along with this deep back ache.","Mew…î atiridii k…õse ne aw…îw a …õrewoso ka …îyaw a emu y…õ duru w…î m'akyi no ho."
Kidney & Flank,Associated Symptoms,"I am passing bloody urine, accompanied by a sharp, stabbing pain in my side.","Mereworo nsuo a mogya wom, na …îyaw a ano y…õ d…õn w…î m'afa ka ho."
Kidney & Flank,Associated Symptoms,"The pain in my back jolts severely whenever I travel on a bumpy road.","S…õ menam …îkwan a …õy…õ nkekae so a, …îyaw a …õw…î m'akyi no y…õ k…õse."
Shoulder,Pain & Aching,"My shoulder feels as if it has been severely torn apart from the inside.","M'abatire te s…õ nea atete denneennen firi mu."
Shoulder,Pain & Aching,"I have a constant deep, grinding ache inside my shoulder joint.","Mew…î …îyaw a emu y…õ duru a …õrew…î w…î m'abatire hy…õn mu daa."
Shoulder,Pain & Aching,"It feels like a sharp knife is piercing the top of my shoulder.","∆ête s…õ nea sekan a ano y…õ d…õn rehy…õ m'abatire soro."
Shoulder,Pain & Aching,"My shoulder aches so severely that it wakes me up whenever I roll onto it.","M'abatire y…õ me yaw araa ma s…õ midane k…î so a, …õnyane me."
Shoulder,Mobility & Instability,"I can barely raise my arm above my waist without experiencing severe pain.","Mintumi nkora m'asa nk…î soro nsen m'asene a minnya …îyaw k…õse."
Shoulder,Mobility & Instability,"My shoulder joint feels loose, as if it has dislocated out of its socket.","M'abatire hy…õn mu y…õ mmer…õ, s…õ nea afiri ne sibea."
Shoulder,Mobility & Instability,"My shoulder clicks, catches, and locks whenever I try to lift my arm.","S…õ mep…õ s…õ mema m'asa so a, m'abatire y…õ nnyigyei, …õkyere, na …õsi."
Shoulder,Mobility & Instability,"My arm feels completely powerless; I cannot lift any object with it.","M'asa mu nni aho…îden koraa; mintumi nkora biribiara."
Shoulder,Nerve & Radiating Pain,"A sharp, shooting pain travels from my shoulder straight down my arm.","∆Üyaw a ano y…õ d…õn a …õretu firi m'abatire mu k…î m'asa mu t·∫Ω·∫Ω."
Shoulder,Nerve & Radiating Pain,"My shoulder pain radiates upward into my neck and the base of my head.","M'abatire yaw no tr…õ k…î soro k…î m'eky…õn ne me tiri ase."
Shoulder,Nerve & Radiating Pain,"There is a burning, tingling numbness running from my shoulder to my fingers.","Mew…î …îhyew, nka a …õrewoso a ay…õ dinn a efiri m'abatire mu k…î me nsateaa mu."
Elbow & Forearm,Pain & Tenderness,"My elbow is highly tender; even a light touch makes me flinch with pain.","Me batire y…õ mmer…õ k…õse; s…õ w…îde ka no kakra mpo a, …õma mewoso …îyaw."
Elbow & Forearm,Pain & Tenderness,"I feel a burning pain on the outer elbow that worsens when I grip something.","Mete …îyaw a …õrehye w…î me batire akyi a s…õ mekye biribi a …õy…õ k…õse."
Elbow & Forearm,Pain & Tenderness,"There is a sharp pain on the inner elbow when I extend or swing my arm.","Mew…î …îyaw a ano y…õ d…õn w…î me batire mu s…õ mekeka m'asa mu anaa mehinhim a."
Elbow & Forearm,Pain & Tenderness,"My forearm experiences a deep, heavy ache after any continuous hand work.","Me batire ase nya …îyaw a emu y…õ duru s…õ mede me nsa y…õ adwuma bere tenten bi a."
Elbow & Forearm,Mobility,"I cannot straighten my elbow fully; it locks before it can extend.","Mintumi nte me batire mu koraa; …õsi ansa na …õretr…õ."
Elbow & Forearm,Mobility,"My elbow feels heavily stiff and refuses to bend as it normally should.","Me batire y…õ den k…õse na …õmp…õ s…õ …õkyea s…õnea …õs…õ."
Elbow & Forearm,Nerve Pain,"A sharp, electric shock sensation shoots from my elbow into my small fingers.","Nka a ano y…õ d…õn s…õ …õlektr…înik bi pue firi me batire mu k…î me nsateaa nketewa mu."
Elbow & Forearm,Nerve Pain,"My forearm goes numb and weak when I keep my elbow bent for too long.","S…õ mekora me batire akyea ky…õ a, me batire ase y…õ dinn na …õy…õ mmer…õ."
Wrist & Hand,Pain & Tenderness,"My wrist feels completely weak; I lack the strength to lift a simple cup.","Me nsa so mu y…õ mmer…õ koraa; minni aho…îden s…õ mema kuruwa mpo so."
Wrist & Hand,Pain & Tenderness,"I feel a sharp, biting pain in my wrist whenever I twist or rotate it.","Mete …îyaw a ano y…õ d…õn w…î me nsa so mu s…õ midan anaa mihinhim a."
Wrist & Hand,Pain & Tenderness,"There is a constant, throbbing ache deep inside my wrist joint.","Mew…î …îyaw a emu y…õ duru na …õrehunu w…î me nsa so hy…õn mu daa."
Wrist & Hand,Pain & Tenderness,"My palm and the base of my thumb ache deeply after any manual task.","Me nsa yam ne me nsa so nkesua ase y…õ me yaw denneennen s…õ mede me nsa y…õ adwuma biara a."
Wrist & Hand,Stiffness & Swelling,"My fingers are so stiff and swollen that I cannot close them into a fist.","Me nsateaa ay…õ den na ahono araa ma mintumi mm…î nkitinkiti."
Wrist & Hand,Stiffness & Swelling,"Every single joint in my hand feels swollen, dry, and painful to move.","Me nsa mu hy…õn biara ahono, awu, na …õy…õ yaw s…õ mekeka a."
Wrist & Hand,Stiffness & Swelling,"My fingers lock in a bent position, and I must use force to straighten them.","Me nsateaa si w…î baabi a akyea, na …õs…õ s…õ mede aho…îden teateaa no."
Wrist & Hand,Nerve & Sensation,"My hand keeps falling asleep, becoming completely dead and numb.","Me nsa da ara kwa, na …õy…õ dinn koraa na …õy…õ dinn."
Wrist & Hand,Nerve & Sensation,"My fingers are completely numb, as if they are heavily wrapped up.","Me nsateaa ay…õ dinn koraa, s…õ nea w…îde nne…õma akyekyere mu denneennen."
Wrist & Hand,Nerve & Sensation,"There is a constant pins-and-needles vibrating sensation in my fingers.","Mew…î nka a …õrewoso s…õ nea w…îde p…în ahy…õ me nsateaa mu daa."
Wrist & Hand,Nerve & Sensation,"It feels like a sharp electrical current just zapped from my wrist to my fingertips.","∆ête s…õ nea …õlektr…înik kanea a ano y…õ d…õn pue firi me nsa so mu k…î me nsateaa ano."
Hip,Pain & Aching,"I am experiencing a grinding, severe pain deep inside my hip joint.","Mete …îyaw a emu y…õ duru a …õrew…î w…î me sere hy…õn mu p…õ…õ."
Hip,Pain & Aching,"I have a deep, heavy throbbing ache in my hip that prevents me from sleeping.","Mew…î …îyaw a emu y…õ duru na …õrehunu w…î me sere mu a …õmma menna."
Hip,Pain & Aching,"My hip feels as if bone is rubbing roughly against bone when I walk.","S…õ menam a, me sere te s…õ nea dompe rehye dompe so denneennen."
Hip,Pain & Aching,"The severe pain in my hip travels all the way down into my knee.","∆Üyaw k…õse a …õw…î me sere mu no k…î me kotodwe mu koraa."
Hip,Mobility & Instability,"My hip joint catches and locks up suddenly when I attempt to take a step.","S…õ mep…õ s…õ misi anamm…în a, me sere hy…õn mu kye na …õsi pr…õko p…õ."
Hip,Mobility & Instability,"I can barely rotate my leg outward without feeling a sharp, biting pain.","Mintumi nhinhim me nan nk…î akyi koraa a minnya …îyaw a ano y…õ d…õn."
Hip,Mobility & Instability,"Rising up from a chair causes a heavy, abnormal clicking sound in my hip.","S…õ mis…îre firi akonnwa so a, nnyigyei duru a …õny…õ ne kwan so ba w…î me sere mu."
Hip,Mobility & Instability,"My hip feels entirely unstable, as if it will give way and cause me to fall.","Me sere mu nsi yie koraa, s…õ nea …õb…õtwa na ama mahwe ase."
Hip,Groin & Referred Pain,"I feel a tearing, painful sensation deep in my groin area when moving.","Mete s…õ nea biribi rete w…î me nan ase p…õ…õ s…õ mekeka me ho a."
Hip,Groin & Referred Pain,"The hip pain shoots directly into my groin and inner thigh.","Sere yaw no k…î me nan ase ne me sr…õ mu t·∫Ω·∫Ω."
Hip,Groin & Referred Pain,"There is a raw, throbbing ache localized deep inside my hip socket.","Mew…î …îyaw a emu y…õ duru na …õrehunu a …õda me sere hy…õn mu p…õ…õ."
Knee,Pain & Aching,"My knee feels completely unstable, like it will collapse under my weight.","Me kotodwe mu nsi yie koraa, s…õ nea …õb…õdwiriw w…î me duru ase."
Knee,Pain & Aching,"I am experiencing a sharp, stabbing pain specifically on the inner side of my knee.","Mete …îyaw a ano y…õ d…õn a …õda me kotodwe mu p…îtee."
Knee,Pain & Aching,"My knee aches deeply with a heavy pain, especially during cold weather.","Me kotodwe y…õ me yaw denneennen a …õy…õ duru, titiriw w…î aw…îw bere mu."
Knee,Pain & Aching,"There is a continuous, grinding ache located right behind my kneecap.","Mew…î …îyaw a emu y…õ duru a …õrew…î a …õda me kotodwe nkesua akyi p…õ…õ."
Knee,Swelling & Locking,"My knee is heavily swollen and stiff; it refuses to bend fully.","Me kotodwe ahono k…õse na ay…õ den; …õmp…õ s…õ …õkyea yiye."
Knee,Swelling & Locking,"My knee locks in place and refuses to straighten until I jolt it free.","Me kotodwe si w…î baabi na …õmp…õ s…õ …õteateaa mu kosi s…õ mede aho…îden teateaa no."
Knee,Swelling & Locking,"My knee feels very hot, tight, and tightly stretched like a balloon.","Me kotodwe y…õ hyew k…õse, ay…õ den, na ay…õ den s…õ b…î…îlo."
Knee,Injury & Instability,"I heard a loud pop inside my knee, and it immediately buckled under me.","Metee nnyigyei k…õse bi w…î me kotodwe mu, na …õhwee ase nt…õm ara."
Knee,Injury & Instability,"My knee repeatedly gives way when climbing stairs or walking on rough ground.","Me kotodwe k…î so twa s…õ meforo antweri anaa menam fam a …õy…õ den so a."
Knee,Injury & Instability,"I can feel a rough grinding sensation inside my knee with every single step.","Mete s…õ nea biribi rew…î w…î me kotodwe mu w…î anamm…în biara a misi mu."
Lower Leg & Calf,Muscle Pain & Cramps,"I have a severe, agonizing cramp in my calf that has locked the muscle completely.","Mew…î ns…îe a ano y…õ den a …õy…õ amanehunu w…î me nan ntini mu a asi no koraa."
Lower Leg & Calf,Muscle Pain & Cramps,"My calf muscle feels as if it suddenly tore or snapped apart.","Me nan ntini te s…õ nea atete pr…õko p…õ."
Lower Leg & Calf,Muscle Pain & Cramps,"It feels like a tight band is wrapped around my lower leg, squeezing it hard.","∆ête s…õ nea w…îde ntama akyekyere me nan ase denneennen, na …õrekyim no."
Lower Leg & Calf,Muscle Pain & Cramps,"My shin bone feels like it is splitting from the inside when I walk fast.","Me nan dompe te s…õ nea …õrepae firi mu s…õ menam nt…õm a."
Lower Leg & Calf,Swelling & Vascular,"My calf feels heavily tight, hot, and heavy like a lead weight.","Me nan ntini y…õ den, …õy…õ hyew, na ay…õ duru s…õ duru."
Lower Leg & Calf,Swelling & Vascular,"My lower leg is swollen large like a balloon and feels like it will burst.","Me nan ase ahono k…õse s…õ b…î…îlo na …õte s…õ nea …õrepae."
Lower Leg & Calf,Swelling & Vascular,"I feel a throbbing, burning heat radiating upward from inside my calf.","Mete s…õ nea …îhyew a …õrehunu na …õrehye refiri me nan ntini mu ak…î soro."
Lower Leg & Calf,Swelling & Vascular,"One lower leg looks much larger and fatter than the other and feels very firm.","Nan ase baako y…õ k…õse na …õy…õ duru asen nea …õka ho na …õy…õ den."
Lower Leg & Calf,Nerve & Sensation,"There is a constant pins-and-needles vibrating in my leg that will not stop.","Mew…î nka a …õrewoso s…õ nea w…îde p…în ahy…õ me nan mu a …õrennyae."
Lower Leg & Calf,Nerve & Sensation,"I feel a strange crawling or fizzing sensation under the skin of my calf.","Mete nka bi a …õy…õ nwanwa s…õ nea …õrekeka anaa …õrepue w…î me nan ntini honam ase."
Lower Leg & Calf,Nerve & Sensation,"My lower leg feels completely dead, numb, and cold from the knee downward.","Me nan ase ay…õ dinn koraa, ay…õ dinn, na ay…õ nwunu firi kotodwe k…î fam."
Ankle & Foot,Pain & Injury,"I heard a snap in my ankle, and now I cannot place any weight on that foot.","Metee nnyigyei bi w…î me nan ho, na afei mintumi mfa me duru nsi nan no so."
Ankle & Foot,Pain & Injury,"My ankle is severely swollen and bruised; the ankle bone is no longer visible.","Me nan ho ahono k…õse na ay…õ kuru; nan ho dompe no nni h…î bio."
Ankle & Foot,Pain & Injury,"The pain in my heel feels like stepping directly on a sharp nail with every step.","∆Üyaw a …õw…î me nan ase no te s…õ nea misi dadde a ano y…õ d…õn so w…î anamm…în biara mu."
Ankle & Foot,Pain & Injury,"My ankle aches deeply with a heavy pain after walking even a short distance.","Me nan y…õ me yaw denneennen s…õ menantew kakra mpo a."
Ankle & Foot,Pain & Injury,"There is a sharp, tearing pain at the back of my heel when I try to push off.","Mew…î …îyaw a ano y…õ d…õn, a …õrete w…î me nan ase akyi s…õ mep…õ s…õ mepia a."
Ankle & Foot,Nerve & Sensation,"My feet feel icy cold even when the surrounding weather is perfectly hot.","Me nan y…õ nwunu s…õ nwunu s…õ wim tae y…õ hyew mpo a."
Ankle & Foot,Nerve & Sensation,"I feel a continuous burning, electric sensation in the sole of my foot.","Mete …îhyew a …õtoa so, s…õ …õlektr…înik w…î me nan ase."
Ankle & Foot,Nerve & Sensation,"My toes feel completely dead and numb; I cannot feel the ground properly.","Me nan nsa ay…õ dinn koraa na ay…õ dinn; minte …õfam yiye."
Ankle & Foot,Nerve & Sensation,"It feels exactly like walking on hot coals or broken glass with every step.","∆ête s…õ nea menam gyabire so anaa ahwehw…õ a abubu so w…î anamm…în biara mu."
Skin,Rashes & Irritation,"My skin is covered in an intensely itchy rash; the itching is driving me mad.","Me honam ay…õ ma nsesaawa a …õrey…õ me titiri k…õse; titiri no rey…õ me dam."
Skin,Rashes & Irritation,"There are raised, red, hot welts spreading rapidly across my skin.","Mpuruw a ak…î soro, a …õy…õ k…îk…î…î, a …õy…õ hyew retr…õ nt…õm w…î me honam so."
Skin,Rashes & Irritation,"My skin feels like it is burning with intense heat from the inside out.","Me honam te s…õ nea …õrehye denneennen firi mu."
Skin,Rashes & Irritation,"I have developed dry, cracked patches of skin that bleed when I move the joint.","Mew…î honam a awu, a apae w…î baabi a s…õ mekeka hy…õn mu a …õma mogya tu."
Skin,Rashes & Irritation,"Small, fluid-filled blisters have appeared clustered in a line on one side.","Nsuo nketewa bi a nsuo ahy…õ mu ma ab…î w…î …îfa baako w…î nkyeky…õmu."
Skin,Lesions & Wounds,"There is a sore on my skin that refuses to heal and keeps growing larger.","Mew…î akuru bi w…î me honam so a …õmp…õ s…õ …õsa na …õk…î so k…õse."
Skin,Lesions & Wounds,"I have an open ulcer that is constantly oozing fluid, crusting, and won't close.","Mew…î akuru a abue a nsuo retu daa, …õy…õ den, na …õrento mu."
Skin,Lesions & Wounds,"A dark spot or mole on my skin has altered its shape and started bleeding.","Baabi a …õy…õ den anaa mole bi w…î me honam so asesa ne su na afi ase reyi mogya."
Skin,Texture & Sensation,"My skin feels tight, swollen, and stretched out until it is shiny.","Me honam y…õ den, ahono, na atr…õ kosi s…õ …õhyer…õn."
Skin,Texture & Sensation,"I have patches of skin that have become completely numb, thick, and leathery.","Mew…î honam mpaapaawa a ay…õ dinn koraa, ay…õ duru, na ay…õ s…õ nhoma."
Skin,Texture & Sensation,"I feel a crawling sensation on my skin even though nothing is visible on it.","Mete s…õ nea biribi rekeka w…î me honam so s…õ biribiara nni so mpo a."
General & Systemic,Fatigue & Energy,"I feel completely weak, exhausted, and drained of all strength.","Mete s…õ nea m'ani so abr…õ koraa, abr…õ, na aho…îden nyinaa asa."
General & Systemic,Fatigue & Energy,"My entire body feels heavily weighed down, as if my limbs are made of stone.","Me nipadua nyinaa mu y…õ duru, s…õ nea me nan ne me nsa y…õ …îbo."
General & Systemic,Fatigue & Energy,"I have zero strength; even getting out of bed feels like a massive labor.","Minni aho…îden biara; s…õ mifi mpa so mpo a, …õy…õ s…õ adwuma k…õse."
General & Systemic,Fatigue & Energy,"My muscles feel completely powerless, tired, and shaking like jelly.","Me ntini mu nni aho…îden koraa, abr…õ, na …õrewoso s…õ jelly."
General & Systemic,Fever & Temperature,"My body is burning up with a severe fever, and all my joints are aching.","Me nipadua rehye denneennen w…î atiridii mu, na me hy…õn nyinaa y…õ me yaw."
General & Systemic,Fever & Temperature,"I am shivering and shaking with internal chills though my skin feels boiling hot.","Merewoso na merewoso w…î aw…îw mu s…õ me honam y…õ hyew mpo a."
General & Systemic,Fever & Temperature,"I am constantly sweating heavily through my clothes even when the room is cold.","Merehohoro fifiri denneennen fa me ntama mu s…õ dan no mu y…õ nwunu mpo a."
General & Systemic,Fever & Temperature,"I feel highly feverish and sick, and my entire skin surface is painful to touch.","Mete s…õ nea mew…î atiridii k…õse na meyare, na s…õ w…îde me honam ka a, …õy…õ yaw."
Teeth,Pain & Sensitivity,"My tooth is throbbing with a severe, heavy pain that is traveling into my head.","Me se rehunu denneennen a …õy…õ duru na …õrek…î me tiri mu."
Teeth,Pain & Sensitivity,"Whenever I drink cold water or eat, a sharp pain pierces straight into my tooth.","S…õ menom nsuo nwunu anaa mididi a, …îyaw a ano y…õ d…õn no hy…õ me se mu t·∫Ω·∫Ω."
Teeth,Pain & Sensitivity,"My tooth is biting me severely, and I cannot chew any food on that side.","Me se reka me denneennen, na mintumi nwe aduane biara w…î …îfa no."
Teeth,Pain & Sensitivity,"There is a continuous burning ache deep inside my gums and tooth roots.","Mew…î …îyaw a emu y…õ duru a …õrehye w…î m'ase ne me se ntini mu p…õ…õ."
Teeth,Swelling & Infection,"My gums are heavily swollen around the tooth, and it has formed a painful bump.","M'ase ahono k…õse w…î se no ho, na akuru a …õy…õ yaw bi ab…î."
Teeth,Swelling & Infection,"The toothache is so severe that it has caused one side of my face to swell up.","Se yaw no ano y…õ den araa ma …õma m'anim fa baako ahono."
Teeth,Swelling & Infection,"There is a foul-smelling pus draining from my gums near a broken tooth.","Nsuo a …õy…õ b…îne retu firi m'ase mu w…î se a abu no ho."
Teeth,Damage & Mobility,"My tooth is loose and shaking badly; it causes pain whenever it moves.","Me se ab…î na …õrewoso denneennen; s…õ …õtu a, …õy…õ yaw."
Teeth,Damage & Mobility,"My tooth has broken or cracked, and the sharp edge is cutting my tongue.","Me se abu anaa apae, na ano a …õy…õ d…õn no retwa me t…õkyer…õma."